{"[fold0] loss": 0.10968825221061707, "[fold0] lr": 7.895684329090265e-05, "_timestamp": 1660645801.7856483, "_runtime": 24591.717396259308, "_step": 27299, "[fold0] epoch": 15, "[fold0] avg_train_loss": 0.09709864197202692, "[fold0] avg_val_loss": 0.4187877296537369, "[fold0] auc": 0.9490554487678206, "[fold1] loss": 0.10418590158224106, "[fold1] lr": 7.895684329090265e-05, "[fold1] epoch": 15, "[fold1] avg_train_loss": 0.0931234302569802, "[fold1] avg_val_loss": 0.4265052021489846, "[fold1] auc": 0.948140305529594, "[fold2] loss": 0.0699583888053894, "[fold2] lr": 7.895684329090265e-05, "[fold2] epoch": 15, "[fold2] avg_train_loss": 0.09122647574104756, "[fold2] avg_val_loss": 0.436038667915938, "[fold2] auc": 0.9507186396642462, "[fold3] loss": 0.07359179854393005, "[fold3] lr": 7.895684329090265e-05, "[fold3] epoch": 15, "[fold3] avg_train_loss": 0.09687602191875333, "[fold3] avg_val_loss": 0.4168409812720076, "[fold3] auc": 0.952885524150507, "[fold4] loss": 0.1653737872838974, "[fold4] lr": 7.895684329090265e-05, "[fold4] epoch": 15, "[fold4] avg_train_loss": 0.09832408107298411, "[fold4] avg_val_loss": 0.4188320963183714, "[fold4] auc": 0.9546614787532732, "_wandb": {"runtime": 24590}}